wallet_address,total_pnl,category,trading_style,token_count,patterns,last_analyzed
6P2XrFUBfm6qGSadmopSMovtqNDN5hWj3JJ3bqjaL2NP,68218331.62,Mega Whale,Super Diversified,103,"Pump Specialist (86 tokens, 146,511,942 volume) | Whale Positions (19 large holdings)",2024-12-03
DbJpiVvBV5SoTEde7fys8H9VGoqnRqbNKySH6t55DFHc,62952178.64,Mega Whale,Super Diversified,177,"Pump Specialist (131 tokens, 1,373,857,468 volume) | Whale Positions (127 large holdings)",2024-12-03
3AWDTDGZiW8joyfA52LKL7GUWLoKBCBUBLUE5JoWgBCu,7500777.82,Whale,Super Diversified,426,"Pump Specialist (190 tokens, 500,618,444 volume) | Whale Positions (107 large holdings)",2024-12-03
BH84Uo2YAnyWRUWeWyfFzttRmE51V682xUaD6NrLHM88,7460778.18,Whale,Super Diversified,299,"Pump Specialist (215 tokens, 885,138,407 volume) | Whale Positions (84 large holdings)",2024-12-03
kCVKJ3nuDH1twVXUJCWXsnPTswiHgEV3heYhd1g81E2,3678006.98,Large Trader,Super Diversified,188,"Pump Specialist (84 tokens, 2,184,240 volume) | Whale Positions (8 large holdings)",2024-12-03
6r3WKowwoqYkG4P2zVvX1aNBrg8Da1NZpHT9QxQy9w57,3028746.94,Large Trader,Super Diversified,237,"Pump Specialist (199 tokens, 215,021,654 volume) | Whale Positions (85 large holdings)",2024-12-03
TyC6ttYUr2BVyTPxPpzKqdbpuJbquT6VXMsYVDwK2HF,2536234.65,Large Trader,Super Diversified,198,"Pump Specialist (47 tokens, 46,476,511 volume) | Whale Positions (14 large holdings)",2024-12-03
3JPYL9xEPFjefV3tccrUwhLzME1mMq2dQSDeDebgzQi6,2167304.24,Large Trader,Super Diversified,225,"Pump Specialist (130 tokens, 154,262,172 volume) | Meme Trader (1 tokens) | Whale Positions (31 large holdings)",2024-12-03
6tRZkbqwy99hWuExk8TnKYpUHHcQ6jb4FjnNwjh4RkHY,1494070.66,Large Trader,Super Diversified,112,"Pump Specialist (57 tokens, 67,968,211 volume) | Whale Positions (5 large holdings)",2024-12-03
EKDB7EyLPD7a2Mqo7Kh8Y4aR7gD26VErY3yj41eZjwCJ,1209543.31,Large Trader,Super Diversified,676,"Pump Specialist (319 tokens, 222,420,576 volume) | Meme Trader (1 tokens) | Whale Positions (31 large holdings)",2024-12-03
AvB7rAtbhm5Ftu2hz54FhfEG7obrcFJRMFFox6W99Emc,1205784.58,Large Trader,Super Diversified,112,"Pump Specialist (44 tokens, 48,281,114 volume) | Whale Positions (13 large holdings)",2024-12-03
4VYpbeyGwS9WocLxTBkNKtiBgn5WV5qRam4HdHLBxvUR,49512021.69,Mega Whale,Unknown,0,None Detected,2024-12-03
7EXNiL85uAxSYpY3vzei61VM2Bu7mkgD8LqyD2QqJguY,37752192.19,Mega Whale,Unknown,0,None Detected,2024-12-03
3kjF7ZXfMYo1dqxFNE7WVtQ38zZSciptu1deWYibre1m,36225916.42,Mega Whale,Unknown,0,None Detected,2024-12-03
8Q3p7w5x1PXyy99kPxEsgrdkp1ExtCyUAzGeXGqMXL8E,34506440.25,Mega Whale,Unknown,0,None Detected,2024-12-03
FTg1gqW7vPm4kdU1LPM7JJnizbgPdRDy2PitKw6mY27j,33550496.72,Mega Whale,Unknown,0,None Detected,2024-12-03
4rKhMmSDMQ7aheSXz47AxsR9iSoVFKTV2c24BXn782Ey,33182272.57,Mega Whale,Unknown,0,None Detected,2024-12-03
3Vwrp1bYFvScBztiTtErHD1LQxcMzWEmgboCe5XyUYAd,33148965.79,Mega Whale,Unknown,0,None Detected,2024-12-03
5MNizMzFryXZC5JPxdH9ugfgmJcyLBKxENiGRAZygBRS,29473644.16,Mega Whale,Unknown,0,None Detected,2024-12-03
FKy2QyHNz2H7K8c4pZnifdP3ogrG4JujwNEB5bTzFEL3,27605211.35,Mega Whale,Unknown,0,None Detected,2024-12-03
js5Lja7zP5RCcTTpdNPB2SwRcUemBYJK8bZio4chzyw,26863072.31,Mega Whale,Unknown,0,None Detected,2024-12-03
4U7RCa8R7UZcNz3KUSexmrcMdFMd9WgQqqxb8rX7ffRB,25308043.79,Mega Whale,Unknown,0,None Detected,2024-12-03
7XpcowtypeJyCRJAgyQmYR4xAgdnykPJXum5b4a843YJ,24523593.4,Mega Whale,Unknown,0,None Detected,2024-12-03
9Z1Jtf9tp32rLCPE3HgX4uyCEVArLN7DCrnSFdN5LYhy,23134357.59,Mega Whale,Unknown,0,None Detected,2024-12-03
8QaDxsrvMUJ8CU9zQoZbcgzLfRGEPGqA2G9pckJGNywn,21564842.82,Mega Whale,Unknown,0,None Detected,2024-12-03
3SCcDZ4kdJ3PJgW5gB72ebhfG3Kacfq5FF8bfUBQGcx3,21384584.47,Mega Whale,Unknown,0,None Detected,2024-12-03
JD25qVdtd65FoiXNmR89JjmoJdYk9sjYQeSTZAALFiMy,20470922.54,Mega Whale,Unknown,0,None Detected,2024-12-03
2h7s3FpSvc6v2oHke6Uqg191B5fPCeFTmMGnh5oPWhX7,18884268.12,Mega Whale,Unknown,0,None Detected,2024-12-03
ChycTN6GmzoBpbsFchKSgohxod3V3Ax7TMkTykJPzP6W,18386617.52,Mega Whale,Unknown,0,None Detected,2024-12-03
J8ZWHVX5CjZWcHb1fqNVSiwjRy21WFj8mxvFDddjbHxv,17637968.71,Mega Whale,Unknown,0,None Detected,2024-12-03
GB4PGoxJ5qaxmkdfBCxhw5Pcfet5Y5CpeMXdPwyBoj2R,17087648.29,Mega Whale,Unknown,0,None Detected,2024-12-03
BZqgZXLcQ9WRmiSWK5gh1TRPxL9iEtpuJh6F1RssQLRj,17062249.22,Mega Whale,Unknown,0,None Detected,2024-12-03
DrvR5Xn84VJ2HABTP3SnFi3V4W7EpZS6djoJC7HATeTg,17013617.62,Mega Whale,Unknown,0,None Detected,2024-12-03
JD38n7ynKYcgPpF7k1BhXEeREu1KqptU93fVGy3S624k,15598514.9,Mega Whale,Unknown,0,None Detected,2024-12-03
6Tywitb3HtTYqP8UkCHm8CUVLHwRufS4j2gYraYZnr1v,15558465.71,Mega Whale,Unknown,0,None Detected,2024-12-03
4AxgR7W17m6QKwX2Pqybw3ANqDfMSPKuDdAsxC6VPmZA,13400829.23,Mega Whale,Unknown,0,None Detected,2024-12-03
JD1dHSqYkrXvqUVL8s6gzL1yB7kpYymsHfwsGxgwp55h,13310871.88,Mega Whale,Unknown,0,None Detected,2024-12-03
NyvjHeuATcGPEYTDaqGjNefuDgU5KoMCAys9BvaWT9b,13068352.95,Mega Whale,Unknown,0,None Detected,2024-12-03
HuFFg4HRXA2b8T4wSMHbFoFw9uh1AUzi8ofYJrpmHLMy,10886182.53,Mega Whale,Unknown,0,None Detected,2024-12-03
8aUkiVYbBhwetmpbbiykiLYnAScsDbqWpRPrubBcMDND,10778615.45,Mega Whale,Unknown,0,None Detected,2024-12-03
CNRFEckxZhq7M39GCsfr1WYu1LLVbc6caWpQCZnhzYwz,10414089.04,Mega Whale,Unknown,0,None Detected,2024-12-03
FcDVLLKgpg6VkupLnHgXtEzyatdpmePi3Gu5fHhK4o8U,10339122.84,Mega Whale,Unknown,0,None Detected,2024-12-03
3MnLctUvd7QUpvsP36caPT8rTj7QtM6VaJUYEFP3LH5B,10185558.56,Mega Whale,Unknown,0,None Detected,2024-12-03
8bsHpmidKupAbZ7jcgAwUiciEdSZy47dRwMifiQwueVT,4929542.99,Large Trader,Highly Diversified,57,"Pump Specialist (33 tokens, 164,243,690 volume) | Whale Positions (26 large holdings)",2024-12-03
xNCuHejZur3Mcj6RuQTdkZWJgRiYpwdwHMGutkZHN9Q,3716995.72,Large Trader,Focused Trader,13,"Pump Specialist (5 tokens, 25,478,512 volume) | Whale Positions (8 large holdings)",2024-12-03
9UL9RxgufT5ZQY163gHjRrfbhXxrBtGFv25tJjZHKtVK,3033068.83,Large Trader,Concentrated Trader,5,"Pump Specialist (3 tokens, 3,391,738 volume) | Whale Positions (1 large holdings)",2024-12-03
CSiZG5sBsNDgLmbEH54hfLNAn3f3JXVsTqU1LzZTD3KX,2555569.63,Large Trader,Moderately Diversified,30,"Pump Specialist (6 tokens, 228,979 volume)",2024-12-03
39adstx8GYc6i6iZ5YrjBmgfYaFgu6SyQmtZT9RvwUHk,2164340.81,Large Trader,Focused Trader,6,"Pump Specialist (3 tokens, 449,201 volume)",2024-12-03
6W35UtyP6hiHFWbW5Kn5zbMJBptwtkgv3h3akvDAHy22,1860353.54,Large Trader,Concentrated Trader,1,"Pump Specialist (1 tokens, 160,228,334 volume) | Whale Positions (1 large holdings)",2024-12-03
G5WdNYEwF3iePH4ALBD21A9j1fYDiejEg6AxvSb97Ajr,1860010.57,Large Trader,Highly Diversified,60,"Pump Specialist (18 tokens, 101,758,948 volume) | Whale Positions (27 large holdings)",2024-12-03
DCRSAhR9Q4RVSKX19oc2Zq7j8qCw3V4X632etRRX8Lr4,1668475.22,Large Trader,Highly Diversified,78,"Pump Specialist (45 tokens, 18,850,815 volume) | Whale Positions (6 large holdings)",2024-12-03
4afXtExJUx3cfqkCLbnDN6KyvZDPL8VC2Mv2gknHjazH,1491436.24,Large Trader,Concentrated Trader,1,"Pump Specialist (1 tokens, 925,505 volume)",2024-12-03
9ghBDMWQSwtxHjDVxenrcS8evpY7Mgr8FGdjLBskS6DN,1352070.06,Large Trader,Concentrated Trader,1,"Pump Specialist (1 tokens, 1,000 volume)",2024-12-03
VX1YqY3APMP2mgz2Ghen1Avf7VdqTYbn8auGTgzPMA2,1351435.82,Large Trader,Concentrated Trader,1,"Pump Specialist (1 tokens, 141,335 volume)",2024-12-03
HTn7WXL3MdffjDkRSgDcaCY8h4MncLW8WZaXMVaqYQgS,1098504.96,Large Trader,Highly Diversified,68,"Pump Specialist (11 tokens, 1,696,040 volume) | Whale Positions (4 large holdings)",2024-12-03
DogKbap8voKSGhVVuTYMy22Lnv3deMG1vqJpUGs7BPEp,1098212.46,Large Trader,Focused Trader,19,"Pump Specialist (5 tokens, 11,554,992 volume) | Whale Positions (8 large holdings)",2024-12-03
BVb5iFPRfWsxq3n69sVsr4Qg5UfFgx5WxcU9WBSeM5ao,4876106.95,Large Trader,Concentrated Trader,2,Whale Positions (1 large holdings),2024-12-03
